{
    "user_badges":[
        {
            "id":20440,
            "granted_at":"2020-09-12T09:34:03.492Z",
            "created_at":"2020-09-12T09:34:21.435Z",
            "count":1,
            "post_id":45296,
            "post_number":1,
            "badge_id":11,
            "user_id":56868,
            "granted_by_id":-1,
            "topic_id":35756
        }
    ],
    "badges":[
        {
            "id":11,
            "name":"First Like",
            "description":"Liked a post",
            "grant_count":6283,
            "allow_title":false,
            "multiple_grant":false,
            "icon":"fa-certificate",
            "image":null,
            "listable":true,
            "enabled":true,
            "badge_grouping_id":1,
            "system":true,
            "slug":"first-like",
            "manually_grantable":false,
            "badge_type_id":3
        }
    ],
    "badge_types":[
        {
            "id":3,
            "name":"Bronze",
            "sort_order":7
        }
    ],
    "users":[
        {
            "id":56868,
            "username":"KunKax",
            "avatar_template":"/user_avatar/community.trustwallet.com/kunkax/{size}/11380_2.png",
            "moderator":false,
            "admin":false
        },
        {
            "id":-1,
            "username":"system",
            "avatar_template":"/user_avatar/community.trustwallet.com/system/{size}/16_2.png",
            "moderator":true,
            "admin":true
        }
    ],
    "topics":[
        {
            "id":35756,
            "title":"7 Essential Steps to Keep Your Crypto Wallet Secure",
            "fancy_title":"7 Essential Steps to Keep Your Crypto Wallet Secure",
            "slug":"7-essential-steps-to-keep-your-crypto-wallet-secure",
            "posts_count":3
        }
    ],
    "user":{
        "id":56868,
        "username":"KunKax",
        "avatar_template":"/user_avatar/community.trustwallet.com/kunkax/{size}/11380_2.png",
        "email":"fanaha2006@gmail.com",
        "secondary_emails":[],
        "unconfirmed_emails":[],
        "last_posted_at":null,
        "last_seen_at":"2021-02-14T03:20:06.923Z",
        "created_at":"2020-09-12T09:02:11.191Z",
        "ignored":false,
        "muted":false,
        "can_ignore_user":false,
        "can_mute_user":false,
        "can_send_private_messages":false,
        "can_send_private_message_to_user":false,
        "trust_level":0,
        "moderator":false,
        "admin":false,
        "title":null,
        "badge_count":1,
        "custom_fields":{},
        "time_read":540,
        "recent_time_read":243,
        "primary_group_id":null,
        "primary_group_name":null,
        "primary_group_flair_url":null,
        "primary_group_flair_bg_color":null,
        "primary_group_flair_color":null,
        "featured_topic":null,
        "can_edit":true,
        "can_edit_username":true,
        "can_edit_email":true,
        "can_edit_name":false,
        "uploaded_avatar_id":11380,
        "has_title_badges":false,
        "pending_count":0,
        "profile_view_count":0,
        "second_factor_enabled":false,
        "second_factor_backup_enabled":false,
        "associated_accounts":[],
        "can_upload_profile_header":true,
        "can_upload_user_card_background":true,
        "locale":"en_US",
        "muted_category_ids":[],
        "regular_category_ids":[],
        "watched_tags":[],
        "watching_first_post_tags":[],
        "tracked_tags":[],
        "muted_tags":[],
        "tracked_category_ids":[],
        "watched_category_ids":[],
        "watched_first_post_category_ids":[],
        "system_avatar_upload_id":null,
        "system_avatar_template":"/letter_avatar_proxy/v4/letter/k/ce7236/{size}.png",
        "gravatar_avatar_upload_id":11380,
        "gravatar_avatar_template":"/user_avatar/community.trustwallet.com/kunkax/{size}/11380_2.png",
        "muted_usernames":[],
        "ignored_usernames":[],
        "allowed_pm_usernames":[],
        "mailing_list_posts_per_day":71,
        "can_change_bio":true,
        "can_change_location":true,
        "can_change_website":true,
        "user_api_keys":null,
        "user_auth_tokens":[
            {
                "id":114309,
                "client_ip":"162.158.167.37",
                "location":"unknown",
                "browser":"Safari",
                "device":"iPhone",
                "os":"iOS",
                "icon":"fab-apple",
                "created_at":"2021-02-13T13:02:55.305Z",
                "seen_at":"2021-02-14T03:20:11.257Z"
            }
        ],
        "featured_user_badge_ids":[
            20440
        ],
        "invited_by":null,
        "groups":[
            {
                "id":10,
                "automatic":true,
                "name":"trust_level_0",
                "display_name":"trust_level_0",
                "user_count":75470,
                "mentionable_level":0,
                "messageable_level":0,
                "visibility_level":1,
                "primary_group":false,
                "title":null,
                "grant_trust_level":null,
                "has_messages":false,
                "flair_url":null,
                "flair_bg_color":null,
                "flair_color":null,
                "bio_cooked":null,
                "bio_excerpt":null,
                "public_admission":false,
                "public_exit":false,
                "allow_membership_requests":false,
                "full_name":null,
                "default_notification_level":3,
                "membership_request_template":null,
                "members_visibility_level":0,
                "can_see_members":true,
                "publish_read_state":false
            }
        ],
        "group_users":[
            {
                "group_id":10,
                "user_id":56868,
                "notification_level":3,
                "owner":false
            }
        ],
        "user_option":{
            "user_id":56868,
            "mailing_list_mode":false,
            "mailing_list_mode_frequency":1,
            "email_digests":true,
            "email_level":1,
            "email_messages_level":0,
            "external_links_in_new_tab":false,
            "color_scheme_id":null,
            "dark_scheme_id":null,
            "dynamic_favicon":false,
            "enable_quoting":true,
            "enable_defer":false,
            "digest_after_minutes":43200,
            "automatically_unpin_topics":true,
            "auto_track_topics_after_msecs":240000,
            "notification_level_when_replying":2,
            "new_topic_duration_minutes":2880,
            "email_previous_replies":2,
            "email_in_reply_to":false,
            "like_notification_frequency":1,
            "include_tl0_in_digests":false,
            "theme_ids":[
                15
            ],
            "theme_key_seq":0,
            "allow_private_messages":true,
            "enable_allowed_pm_users":false,
            "homepage_id":null,
            "hide_profile_and_presence":false,
            "text_size":"normal",
            "text_size_seq":0,
            "title_count_mode":"notifications",
            "timezone":"Asia/Saigon",
            "skip_new_user_tips":false
        }
    }
}
